,Traininig data,Testing data
Ligera,27.80537612606089,45.71176444305438
Severa,25.89360716044376,34.321522720164424
Moderada,24.669061205573094,10.971359635405031
Saludable,21.631955507922253,8.995353201376167
